phrase,path
washroom,data/videos/washroom.mp4
wakes up,data/videos/wakes-up.mp4
school bag,data/videos/school-bag.mp4
smokes,data/videos/smokes.mp4
electric kettle,data/videos/electric-kettle.mp4
borrow,data/videos/borrow.mp4
qasrul emiraat 2,data/videos/qasrul-emiraat-2.mp4
patience,data/videos/patience.mp4
write,data/videos/write.mp4
sick,data/videos/sick.mp4
operation,data/videos/operation.mp4
96,data/videos/96.mp4
blood preassure,data/videos/blood-preassure.mp4
jabbab,data/videos/jabbab.mp4
fox,data/videos/fox.mp4
eleven,data/videos/eleven.mp4
cockroach,data/videos/cockroach.mp4
sun,data/videos/sun.mp4
how,data/videos/how.mp4
shouts,data/videos/shouts.mp4
al,data/videos/al.mp4
100 02,data/videos/100-02.mp4
peninsula,data/videos/peninsula.mp4
laboratory,data/videos/laboratory.mp4
jbr,data/videos/jbr.mp4
answer,data/videos/answer.mp4
shot put,data/videos/shot-put.mp4
housing loan,data/videos/housing-loan.mp4
telephone,data/videos/telephone.mp4
paralysis,data/videos/paralysis.mp4
blackboard,data/videos/blackboard.mp4
celebrate,data/videos/celebrate.mp4
exam,data/videos/exam.mp4
20000,data/videos/20000.mp4
lieutenant 2,data/videos/lieutenant-2.mp4
lieutenant colonel,data/videos/lieutenant-colonel.mp4
sand,data/videos/sand.mp4
general,data/videos/general.mp4
karate,data/videos/karate.mp4
40,data/videos/40.mp4
800,data/videos/800.mp4
charcoal,data/videos/charcoal.mp4
ocean,data/videos/ocean.mp4
love,data/videos/love.mp4
sports union,data/videos/sports-union.mp4
medical report,data/videos/medical-report.mp4
carpenter,data/videos/carpenter.mp4
forgives,data/videos/forgives.mp4
stars,data/videos/stars.mp4
97,data/videos/97.mp4
bacteria,data/videos/bacteria.mp4
marqooqa,data/videos/marqooqa.mp4
fracture,data/videos/fracture.mp4
through,data/videos/through.mp4
wardrobe,data/videos/wardrobe.mp4
jazera nakhla,data/videos/jazera-nakhla.mp4
yaa,data/videos/yaa.mp4
get up,data/videos/get-up.mp4
plow,data/videos/plow.mp4
about,data/videos/about.mp4
ear nose throat doctor,data/videos/ear-nose-throat-doctor.mp4
engineer,data/videos/engineer.mp4
plate,data/videos/plate.mp4
glass,data/videos/glass.mp4
baa,data/videos/baa.mp4
women pants,data/videos/women-pants.mp4
teacup,data/videos/teacup.mp4
name,data/videos/name.mp4
brave,data/videos/brave.mp4
dinning room,data/videos/dinning-room.mp4
maids room,data/videos/maids-room.mp4
national center for statistics 2,data/videos/national-center-for-statistics-2.mp4
line,data/videos/line.mp4
qasheed,data/videos/qasheed.mp4
more,data/videos/more.mp4
disappears,data/videos/disappears.mp4
farmer,data/videos/farmer.mp4
outpatient clinics,data/videos/outpatient-clinics.mp4
pharmacy,data/videos/pharmacy.mp4
necklace,data/videos/necklace.mp4
compass,data/videos/compass.mp4
bat,data/videos/bat.mp4
sunglasses,data/videos/sunglasses.mp4
sibling,data/videos/sibling.mp4
heavy necklace,data/videos/heavy-necklace.mp4
knife,data/videos/knife.mp4
qasrul emiraat 1,data/videos/qasrul-emiraat-1.mp4
medical certificate,data/videos/medical-certificate.mp4
excellent,data/videos/excellent.mp4
laughing,data/videos/laughing.mp4
delayed,data/videos/delayed.mp4
souq al markazi sharjah,data/videos/souq-al-markazi-sharjah.mp4
far away,data/videos/far-away.mp4
running cold,data/videos/running-cold.mp4
combing,data/videos/combing.mp4
95,data/videos/95.mp4
black 01,data/videos/black-01.mp4
worried,data/videos/worried.mp4
hot,data/videos/hot.mp4
weak skinny,data/videos/weak-skinny.mp4
analysis,data/videos/analysis.mp4
tasty,data/videos/tasty.mp4
computer,data/videos/computer.mp4
recommended,data/videos/recommended.mp4
continue treatment,data/videos/continue-treatment.mp4
underwear,data/videos/underwear.mp4
yatayamam,data/videos/yatayamam.mp4
yanzaa,data/videos/yanzaa.mp4
shocked,data/videos/shocked.mp4
ministry of community development,data/videos/ministry-of-community-development.mp4
north pole,data/videos/north-pole.mp4
ent doctor,data/videos/ent-doctor.mp4
kandora women,data/videos/kandora-women.mp4
monkey,data/videos/monkey.mp4
bank,data/videos/bank.mp4
secretary,data/videos/secretary.mp4
pain,data/videos/pain.mp4
deceive,data/videos/deceive.mp4
3000,data/videos/3000.mp4
crown prince,data/videos/crown-prince.mp4
daman card,data/videos/daman-card.mp4
teapot,data/videos/teapot.mp4
jeem,data/videos/jeem.mp4
plumber,data/videos/plumber.mp4
break,data/videos/break.mp4
looking,data/videos/looking.mp4
porter,data/videos/porter.mp4
problem,data/videos/problem.mp4
successful,data/videos/successful.mp4
seven,data/videos/seven.mp4
iron,data/videos/iron.mp4
smell,data/videos/smell.mp4
labor,data/videos/labor.mp4
94,data/videos/94.mp4
kitchen,data/videos/kitchen.mp4
80,data/videos/80.mp4
harees,data/videos/harees.mp4
planting,data/videos/planting.mp4
khubz raqaaq,data/videos/khubz-raqaaq.mp4
marriage fund,data/videos/marriage-fund.mp4
zayed housing program,data/videos/zayed-housing-program.mp4
open,data/videos/open.mp4
education,data/videos/education.mp4
bohera khalid,data/videos/bohera-khalid.mp4
helps,data/videos/helps.mp4
ziziphus,data/videos/ziziphus.mp4
national center for statistics 1,data/videos/national-center-for-statistics-1.mp4
couple,data/videos/couple.mp4
seal,data/videos/seal.mp4
desert lizard,data/videos/desert-lizard.mp4
sugar cane,data/videos/sugar-cane.mp4
cough,data/videos/cough.mp4
consultant doctor,data/videos/consultant-doctor.mp4
pulls,data/videos/pulls.mp4
brown 01,data/videos/brown-01.mp4
niqab,data/videos/niqab.mp4
culture,data/videos/culture.mp4
thirsty,data/videos/thirsty.mp4
injection,data/videos/injection.mp4
environment,data/videos/environment.mp4
qariyatul alamiya,data/videos/qariyatul-alamiya.mp4
clerk,data/videos/clerk.mp4
woodpacker,data/videos/woodpacker.mp4
wife,data/videos/wife.mp4
beautiful,data/videos/beautiful.mp4
citizen,data/videos/citizen.mp4
snake,data/videos/snake.mp4
sick leave,data/videos/sick-leave.mp4
garage,data/videos/garage.mp4
here,data/videos/here.mp4
writing,data/videos/writing.mp4
islamic education,data/videos/islamic-education.mp4
olympiad,data/videos/olympiad.mp4
lazy,data/videos/lazy.mp4
90,data/videos/90.mp4
due,data/videos/due.mp4
late,data/videos/late.mp4
fork,data/videos/fork.mp4
right,data/videos/right.mp4
father,data/videos/father.mp4
grows,data/videos/grows.mp4
honest,data/videos/honest.mp4
lamp,data/videos/lamp.mp4
burns,data/videos/burns.mp4
wait,data/videos/wait.mp4
league of arab states,data/videos/league-of-arab-states.mp4
sunset,data/videos/sunset.mp4
anklet,data/videos/anklet.mp4
broccoli,data/videos/broccoli.mp4
humble,data/videos/humble.mp4
silence,data/videos/silence.mp4
long dress,data/videos/long-dress.mp4
sandals,data/videos/sandals.mp4
pregnant,data/videos/pregnant.mp4
age,data/videos/age.mp4
fat,data/videos/fat.mp4
cousin,data/videos/cousin.mp4
91,data/videos/91.mp4
crocodile,data/videos/crocodile.mp4
solar eclipse,data/videos/solar-eclipse.mp4
close,data/videos/close.mp4
normal delivery,data/videos/normal-delivery.mp4
flower vase,data/videos/flower-vase.mp4
purple,data/videos/purple.mp4
swims,data/videos/swims.mp4
welcome,data/videos/welcome.mp4
syrup,data/videos/syrup.mp4
tuesday,data/videos/tuesday.mp4
day 2,data/videos/day-2.mp4
red,data/videos/red.mp4
full,data/videos/full.mp4
skirt,data/videos/skirt.mp4
rain,data/videos/rain.mp4
1000,data/videos/1000.mp4
button,data/videos/button.mp4
initiative,data/videos/initiative.mp4
scorpion,data/videos/scorpion.mp4
plays,data/videos/plays.mp4
hand jewelry,data/videos/hand-jewelry.mp4
copy,data/videos/copy.mp4
generous,data/videos/generous.mp4
gold,data/videos/gold.mp4
fish,data/videos/fish.mp4
brown 02,data/videos/brown-02.mp4
golf,data/videos/golf.mp4
longitude,data/videos/longitude.mp4
boy,data/videos/boy.mp4
evolve,data/videos/evolve.mp4
dabs al tamar,data/videos/dabs-al-tamar.mp4
table,data/videos/table.mp4
sell,data/videos/sell.mp4
arrogant,data/videos/arrogant.mp4
heels,data/videos/heels.mp4
pig,data/videos/pig.mp4
very good,data/videos/very-good.mp4
driving,data/videos/driving.mp4
jamiya shaikh zayd,data/videos/jamiya-shaikh-zayd.mp4
jashaa,data/videos/jashaa.mp4
1000000000,data/videos/1000000000.mp4
classroom,data/videos/classroom.mp4
cycling,data/videos/cycling.mp4
club,data/videos/club.mp4
feeds,data/videos/feeds.mp4
93,data/videos/93.mp4
heavy,data/videos/heavy.mp4
fatigue,data/videos/fatigue.mp4
50,data/videos/50.mp4
emirates id card 02,data/videos/emirates-id-card-02.mp4
faa,data/videos/faa.mp4
bangles,data/videos/bangles.mp4
sour,data/videos/sour.mp4
be patient,data/videos/be-patient.mp4
long,data/videos/long.mp4
reporter,data/videos/reporter.mp4
light colors,data/videos/light-colors.mp4
hates,data/videos/hates.mp4
night,data/videos/night.mp4
fast,data/videos/fast.mp4
tea,data/videos/tea.mp4
white,data/videos/white.mp4
gloves,data/videos/gloves.mp4
freezer,data/videos/freezer.mp4
falconer,data/videos/falconer.mp4
falcon,data/videos/falcon.mp4
xray,data/videos/xray.mp4
president,data/videos/president.mp4
nine,data/videos/nine.mp4
eyepencil,data/videos/eyepencil.mp4
police,data/videos/police.mp4
hod,data/videos/hod.mp4
hamza nabira,data/videos/hamza-nabira.mp4
divorce,data/videos/divorce.mp4
oven,data/videos/oven.mp4
thiqa card,data/videos/thiqa-card.mp4
92,data/videos/92.mp4
30000,data/videos/30000.mp4
stomach ache,data/videos/stomach-ache.mp4
laughs,data/videos/laughs.mp4
gas cylinder,data/videos/gas-cylinder.mp4
100000,data/videos/100000.mp4
invites invitation,data/videos/invites-invitation.mp4
wall clock,data/videos/wall-clock.mp4
interpreter,data/videos/interpreter.mp4
internal medicine,data/videos/internal-medicine.mp4
headache,data/videos/headache.mp4
wow,data/videos/wow.mp4
monday,data/videos/monday.mp4
masjid shaikh zayed,data/videos/masjid-shaikh-zayed.mp4
quater hour,data/videos/quater-hour.mp4
sharpner,data/videos/sharpner.mp4
muntazah sharjah,data/videos/muntazah-sharjah.mp4
uniform,data/videos/uniform.mp4
table lamp,data/videos/table-lamp.mp4
under,data/videos/under.mp4
necktie,data/videos/necktie.mp4
earthquake,data/videos/earthquake.mp4
tray,data/videos/tray.mp4
contest,data/videos/contest.mp4
twins,data/videos/twins.mp4
chandelier,data/videos/chandelier.mp4
washbasin,data/videos/washbasin.mp4
acceptable,data/videos/acceptable.mp4
cave,data/videos/cave.mp4
archery,data/videos/archery.mp4
swimming,data/videos/swimming.mp4
wig,data/videos/wig.mp4
majlis,data/videos/majlis.mp4
cancer,data/videos/cancer.mp4
grandfather,data/videos/grandfather.mp4
cold,data/videos/cold.mp4
sheen,data/videos/sheen.mp4
bull,data/videos/bull.mp4
baker,data/videos/baker.mp4
school schedule,data/videos/school-schedule.mp4
thick,data/videos/thick.mp4
5000,data/videos/5000.mp4
confirm,data/videos/confirm.mp4
college,data/videos/college.mp4
9000,data/videos/9000.mp4
22,data/videos/22.mp4
lawyer,data/videos/lawyer.mp4
evening,data/videos/evening.mp4
hungry,data/videos/hungry.mp4
divorce certificate,data/videos/divorce-certificate.mp4
eight,data/videos/eight.mp4
dive,data/videos/dive.mp4
ring,data/videos/ring.mp4
khaa,data/videos/khaa.mp4
ice cream,data/videos/ice-cream.mp4
drop,data/videos/drop.mp4
cat,data/videos/cat.mp4
sew,data/videos/sew.mp4
sword,data/videos/sword.mp4
sea,data/videos/sea.mp4
walk,data/videos/walk.mp4
house ownership,data/videos/house-ownership.mp4
sports shoes,data/videos/sports-shoes.mp4
concentrate,data/videos/concentrate.mp4
mattress,data/videos/mattress.mp4
shoes,data/videos/shoes.mp4
nail extensions,data/videos/nail-extensions.mp4
saqoo,data/videos/saqoo.mp4
yeqat,data/videos/yeqat.mp4
sunny,data/videos/sunny.mp4
chair,data/videos/chair.mp4
wave,data/videos/wave.mp4
suitcase,data/videos/suitcase.mp4
tape recorder,data/videos/tape-recorder.mp4
23,data/videos/23.mp4
80000,data/videos/80000.mp4
window,data/videos/window.mp4
ministry of finance,data/videos/ministry-of-finance.mp4
waterfall,data/videos/waterfall.mp4
washing machine,data/videos/washing-machine.mp4
sculptor,data/videos/sculptor.mp4
tilli,data/videos/tilli.mp4
read,data/videos/read.mp4
enter,data/videos/enter.mp4
menstrual period,data/videos/menstrual-period.mp4
boxing,data/videos/boxing.mp4
disabled card,data/videos/disabled-card.mp4
silver,data/videos/silver.mp4
clean,data/videos/clean.mp4
employee,data/videos/employee.mp4
daad,data/videos/daad.mp4
mumbazzara,data/videos/mumbazzara.mp4
stubborn,data/videos/stubborn.mp4
help,data/videos/help.mp4
alfigate,data/videos/alfigate.mp4
green,data/videos/green.mp4
course,data/videos/course.mp4
discharged,data/videos/discharged.mp4
brigadier,data/videos/brigadier.mp4
horse racing,data/videos/horse-racing.mp4
ministry of defense,data/videos/ministry-of-defense.mp4
fine,data/videos/fine.mp4
pray,data/videos/pray.mp4
prevent,data/videos/prevent.mp4
orange,data/videos/orange.mp4
moon,data/videos/moon.mp4
khaarij,data/videos/khaarij.mp4
vomit,data/videos/vomit.mp4
waiter,data/videos/waiter.mp4
khubz khameer,data/videos/khubz-khameer.mp4
decade,data/videos/decade.mp4
21,data/videos/21.mp4
ministry of justice,data/videos/ministry-of-justice.mp4
notebook,data/videos/notebook.mp4
wolf,data/videos/wolf.mp4
emirates identity authority,data/videos/emirates-identity-authority.mp4
swimming pool,data/videos/swimming-pool.mp4
throw in,data/videos/throw-in.mp4
typist,data/videos/typist.mp4
ministry of health,data/videos/ministry-of-health.mp4
hospital police,data/videos/hospital-police.mp4
rush,data/videos/rush.mp4
mirror,data/videos/mirror.mp4
bethhetha,data/videos/bethhetha.mp4
grass,data/videos/grass.mp4
plays guitar,data/videos/plays-guitar.mp4
top,data/videos/top.mp4
jungle,data/videos/jungle.mp4
burqa,data/videos/burqa.mp4
earn,data/videos/earn.mp4
thursday,data/videos/thursday.mp4
20,data/videos/20.mp4
mouse,data/videos/mouse.mp4
zayed university,data/videos/zayed-university.mp4
eyeglasses,data/videos/eyeglasses.mp4
beach,data/videos/beach.mp4
daytime,data/videos/daytime.mp4
ostrich 2,data/videos/ostrich-2.mp4
cardamom,data/videos/cardamom.mp4
900,data/videos/900.mp4
asphalt,data/videos/asphalt.mp4
anesthesiologist,data/videos/anesthesiologist.mp4
contemplation,data/videos/contemplation.mp4
heartburn,data/videos/heartburn.mp4
well,data/videos/well.mp4
breastfeeding,data/videos/breastfeeding.mp4
comb,data/videos/comb.mp4
left,data/videos/left.mp4
hina,data/videos/hina.mp4
find,data/videos/find.mp4
last one,data/videos/last-one.mp4
hijri calander,data/videos/hijri-calander.mp4
700000,data/videos/700000.mp4
10000,data/videos/10000.mp4
600000,data/videos/600000.mp4
penguin,data/videos/penguin.mp4
subtraction,data/videos/subtraction.mp4
rowing boat,data/videos/rowing-boat.mp4
history,data/videos/history.mp4
women waiting area,data/videos/women-waiting-area.mp4
ambassador,data/videos/ambassador.mp4
angry,data/videos/angry.mp4
cloth ironer,data/videos/cloth-ironer.mp4
servent,data/videos/servent.mp4
flood,data/videos/flood.mp4
jabal jais,data/videos/jabal-jais.mp4
prosecutor,data/videos/prosecutor.mp4
pigeon,data/videos/pigeon.mp4
electricity,data/videos/electricity.mp4
rising tide,data/videos/rising-tide.mp4
push,data/videos/push.mp4
hamza satr,data/videos/hamza-satr.mp4
flower,data/videos/flower.mp4
rooster,data/videos/rooster.mp4
america,data/videos/america.mp4
new,data/videos/new.mp4
obeys,data/videos/obeys.mp4
light bulb,data/videos/light-bulb.mp4
electric wire,data/videos/electric-wire.mp4
second,data/videos/second.mp4
table tennis,data/videos/table-tennis.mp4
zayed higher institute,data/videos/zayed-higher-institute.mp4
trousers,data/videos/trousers.mp4
18,data/videos/18.mp4
24,data/videos/24.mp4
easy,data/videos/easy.mp4
30,data/videos/30.mp4
amma,data/videos/amma.mp4
bleeding,data/videos/bleeding.mp4
firefighter,data/videos/firefighter.mp4
constipation,data/videos/constipation.mp4
car,data/videos/car.mp4
century,data/videos/century.mp4
university city sharjah,data/videos/university-city-sharjah.mp4
wall,data/videos/wall.mp4
lake,data/videos/lake.mp4
weight lifting,data/videos/weight-lifting.mp4
blood pressure gauge,data/videos/blood-pressure-gauge.mp4
diamond,data/videos/diamond.mp4
ugly,data/videos/ugly.mp4
crab,data/videos/crab.mp4
basketball,data/videos/basketball.mp4
tent room,data/videos/tent-room.mp4
tassel,data/videos/tassel.mp4
louse,data/videos/louse.mp4
ignores,data/videos/ignores.mp4
25,data/videos/25.mp4
colonel,data/videos/colonel.mp4
19,data/videos/19.mp4
water and electricity authority,data/videos/water-and-electricity-authority.mp4
pediatrician,data/videos/pediatrician.mp4
trying,data/videos/trying.mp4
gregorian calendar,data/videos/gregorian-calendar.mp4
jellyfish,data/videos/jellyfish.mp4
head scarf man,data/videos/head-scarf-man.mp4
call,data/videos/call.mp4
card type,data/videos/card-type.mp4
splinting,data/videos/splinting.mp4
the first,data/videos/the-first.mp4
think,data/videos/think.mp4
sewing needle,data/videos/sewing-needle.mp4
pearl,data/videos/pearl.mp4
robe,data/videos/robe.mp4
hanger,data/videos/hanger.mp4
rombus,data/videos/rombus.mp4
football,data/videos/football.mp4
jabal hafeet,data/videos/jabal-hafeet.mp4
absher card 02,data/videos/absher-card-02.mp4
laces tie,data/videos/laces-tie.mp4
sign language,data/videos/sign-language.mp4
lieutenant,data/videos/lieutenant.mp4
zayed military college,data/videos/zayed-military-college.mp4
nakhi,data/videos/nakhi.mp4
five,data/videos/five.mp4
customs,data/videos/customs.mp4
sweet,data/videos/sweet.mp4
frog,data/videos/frog.mp4
cinnamon,data/videos/cinnamon.mp4
vase,data/videos/vase.mp4
niqaab,data/videos/niqaab.mp4
envy,data/videos/envy.mp4
dancing,data/videos/dancing.mp4
university,data/videos/university.mp4
globe,data/videos/globe.mp4
cold influenza,data/videos/cold-influenza.mp4
carry,data/videos/carry.mp4
disloyalty,data/videos/disloyalty.mp4
cloud,data/videos/cloud.mp4
daughter,data/videos/daughter.mp4
he goes,data/videos/he-goes.mp4
barber,data/videos/barber.mp4
worry,data/videos/worry.mp4
geography,data/videos/geography.mp4
watering,data/videos/watering.mp4
equator,data/videos/equator.mp4
grater then,data/videos/grater-then.mp4
bathroom shower,data/videos/bathroom-shower.mp4
7000,data/videos/7000.mp4
zua,data/videos/zua.mp4
playground,data/videos/playground.mp4
less then,data/videos/less-then.mp4
27,data/videos/27.mp4
shorts,data/videos/shorts.mp4
center,data/videos/center.mp4
college degree,data/videos/college-degree.mp4
sky,data/videos/sky.mp4
car ownership card,data/videos/car-ownership-card.mp4
poor,data/videos/poor.mp4
competition,data/videos/competition.mp4
manager,data/videos/manager.mp4
maleh,data/videos/maleh.mp4
youth and sports welfare,data/videos/youth-and-sports-welfare.mp4
90000,data/videos/90000.mp4
stableman,data/videos/stableman.mp4
cap,data/videos/cap.mp4
remove,data/videos/remove.mp4
painter,data/videos/painter.mp4
water heater,data/videos/water-heater.mp4
storage,data/videos/storage.mp4
behind,data/videos/behind.mp4
gum tree,data/videos/gum-tree.mp4
first aid,data/videos/first-aid.mp4
26,data/videos/26.mp4
black head ring,data/videos/black-head-ring.mp4
lizard,data/videos/lizard.mp4
one,data/videos/one.mp4
speaks,data/videos/speaks.mp4
sticky,data/videos/sticky.mp4
hears,data/videos/hears.mp4
defense minister,data/videos/defense-minister.mp4
wakeel,data/videos/wakeel.mp4
kandora man,data/videos/kandora-man.mp4
hello,data/videos/hello.mp4
photograph,data/videos/photograph.mp4
ration card,data/videos/ration-card.mp4
refrigerator,data/videos/refrigerator.mp4
general civil aviation authority,data/videos/general-civil-aviation-authority.mp4
cool,data/videos/cool.mp4
ointment,data/videos/ointment.mp4
weighs,data/videos/weighs.mp4
driving license,data/videos/driving-license.mp4
between,data/videos/between.mp4
door,data/videos/door.mp4
switch,data/videos/switch.mp4
water,data/videos/water.mp4
less,data/videos/less.mp4
pills,data/videos/pills.mp4
masjid al bidyah,data/videos/masjid-al-bidyah.mp4
absher card 01,data/videos/absher-card-01.mp4
lt general,data/videos/lt-general.mp4
ophthalmologist,data/videos/ophthalmologist.mp4
blue,data/videos/blue.mp4
pink,data/videos/pink.mp4
hits,data/videos/hits.mp4
common verbs,data/videos/common-verbs.mp4
important,data/videos/important.mp4
golden,data/videos/golden.mp4
down,data/videos/down.mp4
alif,data/videos/alif.mp4
maestro,data/videos/maestro.mp4
water polo,data/videos/water-polo.mp4
kasir amwaaj,data/videos/kasir-amwaaj.mp4
raa,data/videos/raa.mp4
qars,data/videos/qars.mp4
cooking,data/videos/cooking.mp4
death certificate,data/videos/death-certificate.mp4
daal,data/videos/daal.mp4
year,data/videos/year.mp4
punishment,data/videos/punishment.mp4
mosquito,data/videos/mosquito.mp4
1000000 1,data/videos/1000000-1.mp4
2000,data/videos/2000.mp4
orthopedic doctor,data/videos/orthopedic-doctor.mp4
multiply,data/videos/multiply.mp4
coffee cup,data/videos/coffee-cup.mp4
shower,data/videos/shower.mp4
mulhaq,data/videos/mulhaq.mp4
asst teacher,data/videos/asst-teacher.mp4
17,data/videos/17.mp4
hairband,data/videos/hairband.mp4
notary,data/videos/notary.mp4
dig,data/videos/dig.mp4
shy,data/videos/shy.mp4
tiger,data/videos/tiger.mp4
kidney doctor,data/videos/kidney-doctor.mp4
programmer,data/videos/programmer.mp4
300,data/videos/300.mp4
second wife,data/videos/second-wife.mp4
kangaroo,data/videos/kangaroo.mp4
morning,data/videos/morning.mp4
mens waiting area,data/videos/mens-waiting-area.mp4
library,data/videos/library.mp4
rich,data/videos/rich.mp4
tommorw,data/videos/tommorw.mp4
family,data/videos/family.mp4
out,data/videos/out.mp4
cow,data/videos/cow.mp4
confused,data/videos/confused.mp4
hair cap,data/videos/hair-cap.mp4
ostrich,data/videos/ostrich.mp4
television,data/videos/television.mp4
jokey,data/videos/jokey.mp4
blame,data/videos/blame.mp4
cleanliness,data/videos/cleanliness.mp4
aseeda,data/videos/aseeda.mp4
16,data/videos/16.mp4
darkness,data/videos/darkness.mp4
safe,data/videos/safe.mp4
receives,data/videos/receives.mp4
doctor,data/videos/doctor.mp4
ginger,data/videos/ginger.mp4
wednesday,data/videos/wednesday.mp4
coward,data/videos/coward.mp4
standing,data/videos/standing.mp4
bird,data/videos/bird.mp4
300000,data/videos/300000.mp4
ain khat,data/videos/ain-khat.mp4
200000,data/videos/200000.mp4
tortoise,data/videos/tortoise.mp4
characterized,data/videos/characterized.mp4
alcohol,data/videos/alcohol.mp4
khanfaroosh,data/videos/khanfaroosh.mp4
embassy,data/videos/embassy.mp4
diesel,data/videos/diesel.mp4
room,data/videos/room.mp4
league championship,data/videos/league-championship.mp4
draws,data/videos/draws.mp4
sandal,data/videos/sandal.mp4
referee flag,data/videos/referee-flag.mp4
federal national council,data/videos/federal-national-council.mp4
authority,data/videos/authority.mp4
general doctor,data/videos/general-doctor.mp4
eagle,data/videos/eagle.mp4
air conditioner,data/videos/air-conditioner.mp4
saturday,data/videos/saturday.mp4
towel,data/videos/towel.mp4
itikaaf,data/videos/itikaaf.mp4
the ministry of higher education,data/videos/the-ministry-of-higher-education.mp4
yellow,data/videos/yellow.mp4
decide,data/videos/decide.mp4
guide,data/videos/guide.mp4
jami,data/videos/jami.mp4
chess,data/videos/chess.mp4
tua,data/videos/tua.mp4
dakhoon,data/videos/dakhoon.mp4
boss,data/videos/boss.mp4
heart doctor,data/videos/heart-doctor.mp4
where,data/videos/where.mp4
wristwatch,data/videos/wristwatch.mp4
saloona,data/videos/saloona.mp4
perfume,data/videos/perfume.mp4
50000,data/videos/50000.mp4
14,data/videos/14.mp4
chain,data/videos/chain.mp4
28,data/videos/28.mp4
sheikh,data/videos/sheikh.mp4
photographer,data/videos/photographer.mp4
lifts,data/videos/lifts.mp4
hour,data/videos/hour.mp4
city,data/videos/city.mp4
dvd player,data/videos/dvd-player.mp4
popular cuisines,data/videos/popular-cuisines.mp4
camel,data/videos/camel.mp4
beside,data/videos/beside.mp4
marriage certificate,data/videos/marriage-certificate.mp4
cashier,data/videos/cashier.mp4
abu dhabi media company,data/videos/abu-dhabi-media-company.mp4
zebra,data/videos/zebra.mp4
racing,data/videos/racing.mp4
interviewer,data/videos/interviewer.mp4
mathematics,data/videos/mathematics.mp4
majboos,data/videos/majboos.mp4
penalty,data/videos/penalty.mp4
arabi,data/videos/arabi.mp4
29,data/videos/29.mp4
east,data/videos/east.mp4
south pole,data/videos/south-pole.mp4
minute,data/videos/minute.mp4
900000,data/videos/900000.mp4
15,data/videos/15.mp4
fall,data/videos/fall.mp4
800000,data/videos/800000.mp4
curious,data/videos/curious.mp4
oud perfume,data/videos/oud-perfume.mp4
mistake,data/videos/mistake.mp4
birth certificate,data/videos/birth-certificate.mp4
100,data/videos/100.mp4
squid,data/videos/squid.mp4
hamza yaa,data/videos/hamza-yaa.mp4
insurance card,data/videos/insurance-card.mp4
chef,data/videos/chef.mp4
yesterday,data/videos/yesterday.mp4
1000000,data/videos/1000000.mp4
guest house,data/videos/guest-house.mp4
swelling,data/videos/swelling.mp4
oxygen,data/videos/oxygen.mp4
peak,data/videos/peak.mp4
sister,data/videos/sister.mp4
citizenship paper,data/videos/citizenship-paper.mp4
octopus,data/videos/octopus.mp4
smells,data/videos/smells.mp4
jacket,data/videos/jacket.mp4
tornado,data/videos/tornado.mp4
ebb,data/videos/ebb.mp4
thank you,data/videos/thank-you.mp4
hannaya,data/videos/hannaya.mp4
certificate of study,data/videos/certificate-of-study.mp4
contact lense,data/videos/contact-lense.mp4
talkative chatty,data/videos/talkative-chatty.mp4
seen,data/videos/seen.mp4
mabkhara,data/videos/mabkhara.mp4
ok good,data/videos/ok-good.mp4
madkhan,data/videos/madkhan.mp4
slow,data/videos/slow.mp4
surgeon,data/videos/surgeon.mp4
foreigner,data/videos/foreigner.mp4
wins,data/videos/wins.mp4
muzammar,data/videos/muzammar.mp4
500,data/videos/500.mp4
bitter,data/videos/bitter.mp4
division,data/videos/division.mp4
pilot,data/videos/pilot.mp4
emirates id card,data/videos/emirates-id-card.mp4
wind,data/videos/wind.mp4
bathroom,data/videos/bathroom.mp4
uneducated,data/videos/uneducated.mp4
sand dunes,data/videos/sand-dunes.mp4
murder,data/videos/murder.mp4
bed,data/videos/bed.mp4
virus,data/videos/virus.mp4
crescent,data/videos/crescent.mp4
tennis,data/videos/tennis.mp4
colored lenses,data/videos/colored-lenses.mp4
twelve,data/videos/twelve.mp4
house,data/videos/house.mp4
jasmine,data/videos/jasmine.mp4
inspector,data/videos/inspector.mp4
jeans,data/videos/jeans.mp4
girrafe,data/videos/girrafe.mp4
zero,data/videos/zero.mp4
caesarean birth 2,data/videos/caesarean-birth-2.mp4
short,data/videos/short.mp4
shooting,data/videos/shooting.mp4
11,data/videos/11.mp4
wakeel 1,data/videos/wakeel-1.mp4
heart disease,data/videos/heart-disease.mp4
four,data/videos/four.mp4
internist,data/videos/internist.mp4
1000 02,data/videos/1000-02.mp4
medical team,data/videos/medical-team.mp4
scissors,data/videos/scissors.mp4
captain,data/videos/captain.mp4
petrol,data/videos/petrol.mp4
target,data/videos/target.mp4
owners card 01,data/videos/owners-card-01.mp4
guard,data/videos/guard.mp4
oud,data/videos/oud.mp4
taa,data/videos/taa.mp4
scared,data/videos/scared.mp4
owl,data/videos/owl.mp4
40000,data/videos/40000.mp4
light weight,data/videos/light-weight.mp4
door 1,data/videos/door-1.mp4
sport,data/videos/sport.mp4
palm,data/videos/palm.mp4
happly,data/videos/happly.mp4
driver,data/videos/driver.mp4
astronomer,data/videos/astronomer.mp4
file no,data/videos/file-no.mp4
spring,data/videos/spring.mp4
drink,data/videos/drink.mp4
triangle,data/videos/triangle.mp4
mug,data/videos/mug.mp4
lightning,data/videos/lightning.mp4
ladder,data/videos/ladder.mp4
arabic language,data/videos/arabic-language.mp4
hamza wow,data/videos/hamza-wow.mp4
hen,data/videos/hen.mp4
blood,data/videos/blood.mp4
earings,data/videos/earings.mp4
lose,data/videos/lose.mp4
gynaecologist,data/videos/gynaecologist.mp4
painting,data/videos/painting.mp4
socks,data/videos/socks.mp4
vollyball,data/videos/vollyball.mp4
allergy,data/videos/allergy.mp4
sign,data/videos/sign.mp4
four seasons,data/videos/four-seasons.mp4
clearance,data/videos/clearance.mp4
complement,data/videos/complement.mp4
friend,data/videos/friend.mp4
car racing,data/videos/car-racing.mp4
national center of meteorology,data/videos/national-center-of-meteorology.mp4
queue,data/videos/queue.mp4
bee,data/videos/bee.mp4
early,data/videos/early.mp4
end,data/videos/end.mp4
insurance against others,data/videos/insurance-against-others.mp4
hunting,data/videos/hunting.mp4
eraser,data/videos/eraser.mp4
sports,data/videos/sports.mp4
gaen,data/videos/gaen.mp4
sacrifice,data/videos/sacrifice.mp4
donkey,data/videos/donkey.mp4
hazza bin zayed,data/videos/hazza-bin-zayed.mp4
membership card,data/videos/membership-card.mp4
a quarter hour,data/videos/a-quarter-hour.mp4
ministry of interior,data/videos/ministry-of-interior.mp4
marathon,data/videos/marathon.mp4
dewan,data/videos/dewan.mp4
gcc,data/videos/gcc.mp4
islamic affairs and endowments,data/videos/islamic-affairs-and-endowments.mp4
a week,data/videos/a-week.mp4
hijaab,data/videos/hijaab.mp4
two,data/videos/two.mp4
home,data/videos/home.mp4
gorilla 2,data/videos/gorilla-2.mp4
mint,data/videos/mint.mp4
cheetah,data/videos/cheetah.mp4
comb hair,data/videos/comb-hair.mp4
girl,data/videos/girl.mp4
hypnosis,data/videos/hypnosis.mp4
handball,data/videos/handball.mp4
ministry of foreign affairs,data/videos/ministry-of-foreign-affairs.mp4
gorilla,data/videos/gorilla.mp4
winter,data/videos/winter.mp4
dreaming,data/videos/dreaming.mp4
rectangle,data/videos/rectangle.mp4
informer,data/videos/informer.mp4
burj khalifa,data/videos/burj-khalifa.mp4
kneads,data/videos/kneads.mp4
12,data/videos/12.mp4
thobe,data/videos/thobe.mp4
circle,data/videos/circle.mp4
annoyed,data/videos/annoyed.mp4
hair clip,data/videos/hair-clip.mp4
six,data/videos/six.mp4
rubber tree,data/videos/rubber-tree.mp4
remote,data/videos/remote.mp4
washing,data/videos/washing.mp4
owners card 02,data/videos/owners-card-02.mp4
wants,data/videos/wants.mp4
brother,data/videos/brother.mp4
bed sheet,data/videos/bed-sheet.mp4
review back,data/videos/review-back.mp4
medicine,data/videos/medicine.mp4
intelligent,data/videos/intelligent.mp4
sunday,data/videos/sunday.mp4
emergency,data/videos/emergency.mp4
mother,data/videos/mother.mp4
wood,data/videos/wood.mp4
shahada la yamlak,data/videos/shahada-la-yamlak.mp4
water vapors,data/videos/water-vapors.mp4
assistant,data/videos/assistant.mp4
microwave,data/videos/microwave.mp4
dentist,data/videos/dentist.mp4
13,data/videos/13.mp4
judged,data/videos/judged.mp4
old,data/videos/old.mp4
head jewelry,data/videos/head-jewelry.mp4
caesarean birth,data/videos/caesarean-birth.mp4
air host,data/videos/air-host.mp4
vaccination,data/videos/vaccination.mp4
how are you,data/videos/how-are-you.mp4
nervous,data/videos/nervous.mp4
repeat,data/videos/repeat.mp4
black,data/videos/black.mp4
ant,data/videos/ant.mp4
loses,data/videos/loses.mp4
deteriorating,data/videos/deteriorating.mp4
field,data/videos/field.mp4
children,data/videos/children.mp4
skyblue,data/videos/skyblue.mp4
used,data/videos/used.mp4
700,data/videos/700.mp4
sends,data/videos/sends.mp4
army,data/videos/army.mp4
al mumzar,data/videos/al-mumzar.mp4
school agent,data/videos/school-agent.mp4
admire,data/videos/admire.mp4
sunrise,data/videos/sunrise.mp4
south,data/videos/south.mp4
volcano,data/videos/volcano.mp4
headscarf,data/videos/headscarf.mp4
difficult,data/videos/difficult.mp4
minor ailments,data/videos/minor-ailments.mp4
stupid,data/videos/stupid.mp4
fever,data/videos/fever.mp4
stingy,data/videos/stingy.mp4
thermometer,data/videos/thermometer.mp4
spider,data/videos/spider.mp4
teacher,data/videos/teacher.mp4
sureed,data/videos/sureed.mp4
aunt,data/videos/aunt.mp4
60000,data/videos/60000.mp4
week,data/videos/week.mp4
dark colors,data/videos/dark-colors.mp4
jeweler,data/videos/jeweler.mp4
qaaf,data/videos/qaaf.mp4
degree,data/videos/degree.mp4
hypocrite,data/videos/hypocrite.mp4
home lawn,data/videos/home-lawn.mp4
lunar eclipse,data/videos/lunar-eclipse.mp4
wizaar,data/videos/wizaar.mp4
there,data/videos/there.mp4
designer,data/videos/designer.mp4
disobey,data/videos/disobey.mp4
requests,data/videos/requests.mp4
brothers wife,data/videos/brothers-wife.mp4
ruler,data/videos/ruler.mp4
summer,data/videos/summer.mp4
al alwaan,data/videos/al-alwaan.mp4
appointment booking,data/videos/appointment-booking.mp4
land ownership,data/videos/land-ownership.mp4
billiard,data/videos/billiard.mp4
60,data/videos/60.mp4
astronaut,data/videos/astronaut.mp4
pensions and social insurance,data/videos/pensions-and-social-insurance.mp4
shepherd,data/videos/shepherd.mp4
brown color,data/videos/brown-color.mp4
class,data/videos/class.mp4
cameraman,data/videos/cameraman.mp4
wearing,data/videos/wearing.mp4
thorn,data/videos/thorn.mp4
science,data/videos/science.mp4
carpet,data/videos/carpet.mp4
diabetes,data/videos/diabetes.mp4
minister,data/videos/minister.mp4
be careful,data/videos/be-careful.mp4
khabeesa,data/videos/khabeesa.mp4
jump,data/videos/jump.mp4
day,data/videos/day.mp4
operation theater,data/videos/operation-theater.mp4
hotel,data/videos/hotel.mp4
starfish,data/videos/starfish.mp4
alarm clock,data/videos/alarm-clock.mp4
taxi,data/videos/taxi.mp4
book,data/videos/book.mp4
the ministry of education,data/videos/the-ministry-of-education.mp4
heater,data/videos/heater.mp4
friday,data/videos/friday.mp4
penalty card,data/videos/penalty-card.mp4
power of attorney,data/videos/power-of-attorney.mp4
tie hair,data/videos/tie-hair.mp4
khaleej 01,data/videos/khaleej-01.mp4
island 02,data/videos/island-02.mp4
fog,data/videos/fog.mp4
coffee,data/videos/coffee.mp4
court,data/videos/court.mp4
bell,data/videos/bell.mp4
choose,data/videos/choose.mp4
civilian,data/videos/civilian.mp4
surface,data/videos/surface.mp4
aeen,data/videos/aeen.mp4
king,data/videos/king.mp4
200,data/videos/200.mp4
watch,data/videos/watch.mp4
salary certificate,data/videos/salary-certificate.mp4
horse,data/videos/horse.mp4
health card,data/videos/health-card.mp4
understand,data/videos/understand.mp4
eyelashes,data/videos/eyelashes.mp4
selfish,data/videos/selfish.mp4
i love you,data/videos/i-love-you.mp4
war,data/videos/war.mp4
zaal,data/videos/zaal.mp4
despise,data/videos/despise.mp4
port,data/videos/port.mp4
dirty,data/videos/dirty.mp4
haa,data/videos/haa.mp4
naghar,data/videos/naghar.mp4
mosque preacher,data/videos/mosque-preacher.mp4
ministry of endowments,data/videos/ministry-of-endowments.mp4
ursiya,data/videos/ursiya.mp4
goalball,data/videos/goalball.mp4
fan,data/videos/fan.mp4
spoon,data/videos/spoon.mp4
desert,data/videos/desert.mp4
world,data/videos/world.mp4
duck,data/videos/duck.mp4
latitude,data/videos/latitude.mp4
today,data/videos/today.mp4
dog,data/videos/dog.mp4
tastes,data/videos/tastes.mp4
saa,data/videos/saa.mp4
city number in citizenship,data/videos/city-number-in-citizenship.mp4
wrong,data/videos/wrong.mp4
depressed,data/videos/depressed.mp4
ten,data/videos/ten.mp4
pillow,data/videos/pillow.mp4
certificate of good conduct,data/videos/certificate-of-good-conduct.mp4
trophy,data/videos/trophy.mp4
4000,data/videos/4000.mp4
journalist,data/videos/journalist.mp4
principal,data/videos/principal.mp4
meem,data/videos/meem.mp4
basil,data/videos/basil.mp4
rainbow colors,data/videos/rainbow-colors.mp4
travels,data/videos/travels.mp4
physiotherapy,data/videos/physiotherapy.mp4
committee,data/videos/committee.mp4
physiotherapist,data/videos/physiotherapist.mp4
explain,data/videos/explain.mp4
bajeela,data/videos/bajeela.mp4
work,data/videos/work.mp4
khaleej 02,data/videos/khaleej-02.mp4
calling duaa,data/videos/calling-duaa.mp4
hadiqa haiwanaat,data/videos/hadiqa-haiwanaat.mp4
hospital,data/videos/hospital.mp4
mountain goat,data/videos/mountain-goat.mp4
grandmother,data/videos/grandmother.mp4
naphew,data/videos/naphew.mp4
beggar,data/videos/beggar.mp4
saffron,data/videos/saffron.mp4
absher card,data/videos/absher-card.mp4
sing,data/videos/sing.mp4
wipe,data/videos/wipe.mp4
laqeemat,data/videos/laqeemat.mp4
before,data/videos/before.mp4
the ministry of public works,data/videos/the-ministry-of-public-works.mp4
warning,data/videos/warning.mp4
antelope,data/videos/antelope.mp4
tent,data/videos/tent.mp4
8000,data/videos/8000.mp4
arabian jasmine,data/videos/arabian-jasmine.mp4
rabbit,data/videos/rabbit.mp4
above,data/videos/above.mp4
major general,data/videos/major-general.mp4
diarrhea,data/videos/diarrhea.mp4
bowling,data/videos/bowling.mp4
good,data/videos/good.mp4
plus,data/videos/plus.mp4
steals,data/videos/steals.mp4
sunflower,data/videos/sunflower.mp4
plastic,data/videos/plastic.mp4
unemployed,data/videos/unemployed.mp4
al qasbah,data/videos/al-qasbah.mp4
law,data/videos/law.mp4
elephant,data/videos/elephant.mp4
corn,data/videos/corn.mp4
welder,data/videos/welder.mp4
demolish,data/videos/demolish.mp4
villa,data/videos/villa.mp4
abaya,data/videos/abaya.mp4
dolphin,data/videos/dolphin.mp4
shaver,data/videos/shaver.mp4
thunder,data/videos/thunder.mp4
brother in law,data/videos/brother-in-law.mp4
99,data/videos/99.mp4
nail polish,data/videos/nail-polish.mp4
zaai,data/videos/zaai.mp4
cry,data/videos/cry.mp4
thin,data/videos/thin.mp4
makeup,data/videos/makeup.mp4
rule,data/videos/rule.mp4
running race,data/videos/running-race.mp4
laam,data/videos/laam.mp4
locust,data/videos/locust.mp4
fun,data/videos/fun.mp4
mucus phlegm,data/videos/mucus-phlegm.mp4
deer,data/videos/deer.mp4
cid,data/videos/cid.mp4
farm,data/videos/farm.mp4
volunteer,data/videos/volunteer.mp4
sad,data/videos/sad.mp4
burj al arab,data/videos/burj-al-arab.mp4
harvest,data/videos/harvest.mp4
camel racing,data/videos/camel-racing.mp4
question,data/videos/question.mp4
wheat,data/videos/wheat.mp4
results,data/videos/results.mp4
jumairah,data/videos/jumairah.mp4
failed,data/videos/failed.mp4
psychologist,data/videos/psychologist.mp4
son,data/videos/son.mp4
belalayt,data/videos/belalayt.mp4
zakat fund,data/videos/zakat-fund.mp4
english language,data/videos/english-language.mp4
algae,data/videos/algae.mp4
apartment,data/videos/apartment.mp4
build,data/videos/build.mp4
flirt,data/videos/flirt.mp4
cloves,data/videos/cloves.mp4
officer,data/videos/officer.mp4
saad,data/videos/saad.mp4
give,data/videos/give.mp4
600,data/videos/600.mp4
98,data/videos/98.mp4
north,data/videos/north.mp4
souq jummah,data/videos/souq-jummah.mp4
imam,data/videos/imam.mp4
curtain,data/videos/curtain.mp4
relax,data/videos/relax.mp4
jameya,data/videos/jameya.mp4
unmarried,data/videos/unmarried.mp4
rubbing,data/videos/rubbing.mp4
cufflinks,data/videos/cufflinks.mp4
arabic drawing room,data/videos/arabic-drawing-room.mp4
health,data/videos/health.mp4
mahilli zayed,data/videos/mahilli-zayed.mp4
hospital wards,data/videos/hospital-wards.mp4
6000,data/videos/6000.mp4
wide,data/videos/wide.mp4
major,data/videos/major.mp4
sleep,data/videos/sleep.mp4
liar,data/videos/liar.mp4
lion,data/videos/lion.mp4
400000,data/videos/400000.mp4
laa,data/videos/laa.mp4
500000,data/videos/500000.mp4
arranging,data/videos/arranging.mp4
70000,data/videos/70000.mp4
telephone operator,data/videos/telephone-operator.mp4
river,data/videos/river.mp4
soldier,data/videos/soldier.mp4
inside,data/videos/inside.mp4
young,data/videos/young.mp4
west,data/videos/west.mp4
time,data/videos/time.mp4
black robe man,data/videos/black-robe-man.mp4
police academy,data/videos/police-academy.mp4
uae red crescent authority,data/videos/uae-red-crescent-authority.mp4
awafi,data/videos/awafi.mp4
air,data/videos/air.mp4
musician,data/videos/musician.mp4
gravity,data/videos/gravity.mp4
entrance door,data/videos/entrance-door.mp4
crying,data/videos/crying.mp4
specialist doctor,data/videos/specialist-doctor.mp4
gray,data/videos/gray.mp4
ø¨ø¦ø±,data/videos/ø¨ø¦ø±.mp4
400,data/videos/400.mp4
tv,data/videos/tv.mp4
frankincense,data/videos/frankincense.mp4
visits,data/videos/visits.mp4
modification,data/videos/modification.mp4
barbecue,data/videos/barbecue.mp4
examine,data/videos/examine.mp4
nightwear,data/videos/nightwear.mp4
folds,data/videos/folds.mp4
blackboard eraser,data/videos/blackboard-eraser.mp4
kaaf,data/videos/kaaf.mp4
participate,data/videos/participate.mp4
skating,data/videos/skating.mp4
smith,data/videos/smith.mp4
70,data/videos/70.mp4
space,data/videos/space.mp4
fly,data/videos/fly.mp4
watchman,data/videos/watchman.mp4
worm,data/videos/worm.mp4
whistle,data/videos/whistle.mp4
guest room,data/videos/guest-room.mp4
disabled card 02,data/videos/disabled-card-02.mp4
magnet,data/videos/magnet.mp4
biryani,data/videos/biryani.mp4
school,data/videos/school.mp4
hair styler,data/videos/hair-styler.mp4
bedroom,data/videos/bedroom.mp4
not important,data/videos/not-important.mp4
rose,data/videos/rose.mp4
butcher,data/videos/butcher.mp4
uncle,data/videos/uncle.mp4
emirates university,data/videos/emirates-university.mp4
puts,data/videos/puts.mp4
noon,data/videos/noon.mp4
narrow,data/videos/narrow.mp4
lactation brother,data/videos/lactation-brother.mp4
performs ablution,data/videos/performs-ablution.mp4
ministry of presidential affairs,data/videos/ministry-of-presidential-affairs.mp4
three,data/videos/three.mp4
travel,data/videos/travel.mp4
